sample, time_ms
1, -1500.0000
2, -1499.0234
3, -1498.0469
4, -1497.0703
5, -1496.0938
6, -1495.1172
7, -1494.1406
8, -1493.1641
9, -1492.1875
10, -1491.2109
11, -1490.2344
12, -1489.2578
13, -1488.2813
14, -1487.3047
15, -1486.3281
16, -1485.3516
17, -1484.3750
18, -1483.3984
19, -1482.4219
20, -1481.4453
21, -1480.4688
22, -1479.4922
23, -1478.5156
24, -1477.5391
25, -1476.5625
26, -1475.5859
27, -1474.6094
28, -1473.6328
29, -1472.6563
30, -1471.6797
31, -1470.7031
32, -1469.7266
33, -1468.7500
34, -1467.7734
35, -1466.7969
36, -1465.8203
37, -1464.8438
38, -1463.8672
39, -1462.8906
40, -1461.9141
41, -1460.9375
42, -1459.9609
43, -1458.9844
44, -1458.0078
45, -1457.0313
46, -1456.0547
47, -1455.0781
48, -1454.1016
49, -1453.1250
50, -1452.1484
51, -1451.1719
52, -1450.1953
53, -1449.2188
54, -1448.2422
55, -1447.2656
56, -1446.2891
57, -1445.3125
58, -1444.3359
59, -1443.3594
60, -1442.3828
61, -1441.4063
62, -1440.4297
63, -1439.4531
64, -1438.4766
65, -1437.5000
66, -1436.5234
67, -1435.5469
68, -1434.5703
69, -1433.5938
70, -1432.6172
71, -1431.6406
72, -1430.6641
73, -1429.6875
74, -1428.7109
75, -1427.7344
76, -1426.7578
77, -1425.7813
78, -1424.8047
79, -1423.8281
80, -1422.8516
81, -1421.8750
82, -1420.8984
83, -1419.9219
84, -1418.9453
85, -1417.9688
86, -1416.9922
87, -1416.0156
88, -1415.0391
89, -1414.0625
90, -1413.0859
91, -1412.1094
92, -1411.1328
93, -1410.1563
94, -1409.1797
95, -1408.2031
96, -1407.2266
97, -1406.2500
98, -1405.2734
99, -1404.2969
100, -1403.3203
101, -1402.3438
102, -1401.3672
103, -1400.3906
104, -1399.4141
105, -1398.4375
106, -1397.4609
107, -1396.4844
108, -1395.5078
109, -1394.5313
110, -1393.5547
111, -1392.5781
112, -1391.6016
113, -1390.6250
114, -1389.6484
115, -1388.6719
116, -1387.6953
117, -1386.7188
118, -1385.7422
119, -1384.7656
120, -1383.7891
121, -1382.8125
122, -1381.8359
123, -1380.8594
124, -1379.8828
125, -1378.9063
126, -1377.9297
127, -1376.9531
128, -1375.9766
129, -1375.0000
130, -1374.0234
131, -1373.0469
132, -1372.0703
133, -1371.0938
134, -1370.1172
135, -1369.1406
136, -1368.1641
137, -1367.1875
138, -1366.2109
139, -1365.2344
140, -1364.2578
141, -1363.2813
142, -1362.3047
143, -1361.3281
144, -1360.3516
145, -1359.3750
146, -1358.3984
147, -1357.4219
148, -1356.4453
149, -1355.4688
150, -1354.4922
151, -1353.5156
152, -1352.5391
153, -1351.5625
154, -1350.5859
155, -1349.6094
156, -1348.6328
157, -1347.6563
158, -1346.6797
159, -1345.7031
160, -1344.7266
161, -1343.7500
162, -1342.7734
163, -1341.7969
164, -1340.8203
165, -1339.8438
166, -1338.8672
167, -1337.8906
168, -1336.9141
169, -1335.9375
170, -1334.9609
171, -1333.9844
172, -1333.0078
173, -1332.0313
174, -1331.0547
175, -1330.0781
176, -1329.1016
177, -1328.1250
178, -1327.1484
179, -1326.1719
180, -1325.1953
181, -1324.2188
182, -1323.2422
183, -1322.2656
184, -1321.2891
185, -1320.3125
186, -1319.3359
187, -1318.3594
188, -1317.3828
189, -1316.4063
190, -1315.4297
191, -1314.4531
192, -1313.4766
193, -1312.5000
194, -1311.5234
195, -1310.5469
196, -1309.5703
197, -1308.5938
198, -1307.6172
199, -1306.6406
200, -1305.6641
201, -1304.6875
202, -1303.7109
203, -1302.7344
204, -1301.7578
205, -1300.7813
206, -1299.8047
207, -1298.8281
208, -1297.8516
209, -1296.8750
210, -1295.8984
211, -1294.9219
212, -1293.9453
213, -1292.9688
214, -1291.9922
215, -1291.0156
216, -1290.0391
217, -1289.0625
218, -1288.0859
219, -1287.1094
220, -1286.1328
221, -1285.1563
222, -1284.1797
223, -1283.2031
224, -1282.2266
225, -1281.2500
226, -1280.2734
227, -1279.2969
228, -1278.3203
229, -1277.3438
230, -1276.3672
231, -1275.3906
232, -1274.4141
233, -1273.4375
234, -1272.4609
235, -1271.4844
236, -1270.5078
237, -1269.5313
238, -1268.5547
239, -1267.5781
240, -1266.6016
241, -1265.6250
242, -1264.6484
243, -1263.6719
244, -1262.6953
245, -1261.7188
246, -1260.7422
247, -1259.7656
248, -1258.7891
249, -1257.8125
250, -1256.8359
251, -1255.8594
252, -1254.8828
253, -1253.9063
254, -1252.9297
255, -1251.9531
256, -1250.9766
257, -1250.0000
258, -1249.0234
259, -1248.0469
260, -1247.0703
261, -1246.0938
262, -1245.1172
263, -1244.1406
264, -1243.1641
265, -1242.1875
266, -1241.2109
267, -1240.2344
268, -1239.2578
269, -1238.2813
270, -1237.3047
271, -1236.3281
272, -1235.3516
273, -1234.3750
274, -1233.3984
275, -1232.4219
276, -1231.4453
277, -1230.4688
278, -1229.4922
279, -1228.5156
280, -1227.5391
281, -1226.5625
282, -1225.5859
283, -1224.6094
284, -1223.6328
285, -1222.6563
286, -1221.6797
287, -1220.7031
288, -1219.7266
289, -1218.7500
290, -1217.7734
291, -1216.7969
292, -1215.8203
293, -1214.8438
294, -1213.8672
295, -1212.8906
296, -1211.9141
297, -1210.9375
298, -1209.9609
299, -1208.9844
300, -1208.0078
301, -1207.0313
302, -1206.0547
303, -1205.0781
304, -1204.1016
305, -1203.1250
306, -1202.1484
307, -1201.1719
308, -1200.1953
309, -1199.2188
310, -1198.2422
311, -1197.2656
312, -1196.2891
313, -1195.3125
314, -1194.3359
315, -1193.3594
316, -1192.3828
317, -1191.4063
318, -1190.4297
319, -1189.4531
320, -1188.4766
321, -1187.5000
322, -1186.5234
323, -1185.5469
324, -1184.5703
325, -1183.5938
326, -1182.6172
327, -1181.6406
328, -1180.6641
329, -1179.6875
330, -1178.7109
331, -1177.7344
332, -1176.7578
333, -1175.7813
334, -1174.8047
335, -1173.8281
336, -1172.8516
337, -1171.8750
338, -1170.8984
339, -1169.9219
340, -1168.9453
341, -1167.9688
342, -1166.9922
343, -1166.0156
344, -1165.0391
345, -1164.0625
346, -1163.0859
347, -1162.1094
348, -1161.1328
349, -1160.1563
350, -1159.1797
351, -1158.2031
352, -1157.2266
353, -1156.2500
354, -1155.2734
355, -1154.2969
356, -1153.3203
357, -1152.3438
358, -1151.3672
359, -1150.3906
360, -1149.4141
361, -1148.4375
362, -1147.4609
363, -1146.4844
364, -1145.5078
365, -1144.5313
366, -1143.5547
367, -1142.5781
368, -1141.6016
369, -1140.6250
370, -1139.6484
371, -1138.6719
372, -1137.6953
373, -1136.7188
374, -1135.7422
375, -1134.7656
376, -1133.7891
377, -1132.8125
378, -1131.8359
379, -1130.8594
380, -1129.8828
381, -1128.9063
382, -1127.9297
383, -1126.9531
384, -1125.9766
385, -1125.0000
386, -1124.0234
387, -1123.0469
388, -1122.0703
389, -1121.0938
390, -1120.1172
391, -1119.1406
392, -1118.1641
393, -1117.1875
394, -1116.2109
395, -1115.2344
396, -1114.2578
397, -1113.2813
398, -1112.3047
399, -1111.3281
400, -1110.3516
401, -1109.3750
402, -1108.3984
403, -1107.4219
404, -1106.4453
405, -1105.4688
406, -1104.4922
407, -1103.5156
408, -1102.5391
409, -1101.5625
410, -1100.5859
411, -1099.6094
412, -1098.6328
413, -1097.6563
414, -1096.6797
415, -1095.7031
416, -1094.7266
417, -1093.7500
418, -1092.7734
419, -1091.7969
420, -1090.8203
421, -1089.8438
422, -1088.8672
423, -1087.8906
424, -1086.9141
425, -1085.9375
426, -1084.9609
427, -1083.9844
428, -1083.0078
429, -1082.0313
430, -1081.0547
431, -1080.0781
432, -1079.1016
433, -1078.1250
434, -1077.1484
435, -1076.1719
436, -1075.1953
437, -1074.2188
438, -1073.2422
439, -1072.2656
440, -1071.2891
441, -1070.3125
442, -1069.3359
443, -1068.3594
444, -1067.3828
445, -1066.4063
446, -1065.4297
447, -1064.4531
448, -1063.4766
449, -1062.5000
450, -1061.5234
451, -1060.5469
452, -1059.5703
453, -1058.5938
454, -1057.6172
455, -1056.6406
456, -1055.6641
457, -1054.6875
458, -1053.7109
459, -1052.7344
460, -1051.7578
461, -1050.7813
462, -1049.8047
463, -1048.8281
464, -1047.8516
465, -1046.8750
466, -1045.8984
467, -1044.9219
468, -1043.9453
469, -1042.9688
470, -1041.9922
471, -1041.0156
472, -1040.0391
473, -1039.0625
474, -1038.0859
475, -1037.1094
476, -1036.1328
477, -1035.1563
478, -1034.1797
479, -1033.2031
480, -1032.2266
481, -1031.2500
482, -1030.2734
483, -1029.2969
484, -1028.3203
485, -1027.3438
486, -1026.3672
487, -1025.3906
488, -1024.4141
489, -1023.4375
490, -1022.4609
491, -1021.4844
492, -1020.5078
493, -1019.5313
494, -1018.5547
495, -1017.5781
496, -1016.6016
497, -1015.6250
498, -1014.6484
499, -1013.6719
500, -1012.6953
501, -1011.7188
502, -1010.7422
503, -1009.7656
504, -1008.7891
505, -1007.8125
506, -1006.8359
507, -1005.8594
508, -1004.8828
509, -1003.9063
510, -1002.9297
511, -1001.9531
512, -1000.9766
513, -1000.0000
514, -999.0234
515, -998.0469
516, -997.0703
517, -996.0938
518, -995.1172
519, -994.1406
520, -993.1641
521, -992.1875
522, -991.2109
523, -990.2344
524, -989.2578
525, -988.2813
526, -987.3047
527, -986.3281
528, -985.3516
529, -984.3750
530, -983.3984
531, -982.4219
532, -981.4453
533, -980.4688
534, -979.4922
535, -978.5156
536, -977.5391
537, -976.5625
538, -975.5859
539, -974.6094
540, -973.6328
541, -972.6563
542, -971.6797
543, -970.7031
544, -969.7266
545, -968.7500
546, -967.7734
547, -966.7969
548, -965.8203
549, -964.8438
550, -963.8672
551, -962.8906
552, -961.9141
553, -960.9375
554, -959.9609
555, -958.9844
556, -958.0078
557, -957.0313
558, -956.0547
559, -955.0781
560, -954.1016
561, -953.1250
562, -952.1484
563, -951.1719
564, -950.1953
565, -949.2188
566, -948.2422
567, -947.2656
568, -946.2891
569, -945.3125
570, -944.3359
571, -943.3594
572, -942.3828
573, -941.4063
574, -940.4297
575, -939.4531
576, -938.4766
577, -937.5000
578, -936.5234
579, -935.5469
580, -934.5703
581, -933.5938
582, -932.6172
583, -931.6406
584, -930.6641
585, -929.6875
586, -928.7109
587, -927.7344
588, -926.7578
589, -925.7813
590, -924.8047
591, -923.8281
592, -922.8516
593, -921.8750
594, -920.8984
595, -919.9219
596, -918.9453
597, -917.9688
598, -916.9922
599, -916.0156
600, -915.0391
601, -914.0625
602, -913.0859
603, -912.1094
604, -911.1328
605, -910.1563
606, -909.1797
607, -908.2031
608, -907.2266
609, -906.2500
610, -905.2734
611, -904.2969
612, -903.3203
613, -902.3438
614, -901.3672
615, -900.3906
616, -899.4141
617, -898.4375
618, -897.4609
619, -896.4844
620, -895.5078
621, -894.5313
622, -893.5547
623, -892.5781
624, -891.6016
625, -890.6250
626, -889.6484
627, -888.6719
628, -887.6953
629, -886.7188
630, -885.7422
631, -884.7656
632, -883.7891
633, -882.8125
634, -881.8359
635, -880.8594
636, -879.8828
637, -878.9063
638, -877.9297
639, -876.9531
640, -875.9766
641, -875.0000
642, -874.0234
643, -873.0469
644, -872.0703
645, -871.0938
646, -870.1172
647, -869.1406
648, -868.1641
649, -867.1875
650, -866.2109
651, -865.2344
652, -864.2578
653, -863.2813
654, -862.3047
655, -861.3281
656, -860.3516
657, -859.3750
658, -858.3984
659, -857.4219
660, -856.4453
661, -855.4688
662, -854.4922
663, -853.5156
664, -852.5391
665, -851.5625
666, -850.5859
667, -849.6094
668, -848.6328
669, -847.6563
670, -846.6797
671, -845.7031
672, -844.7266
673, -843.7500
674, -842.7734
675, -841.7969
676, -840.8203
677, -839.8438
678, -838.8672
679, -837.8906
680, -836.9141
681, -835.9375
682, -834.9609
683, -833.9844
684, -833.0078
685, -832.0313
686, -831.0547
687, -830.0781
688, -829.1016
689, -828.1250
690, -827.1484
691, -826.1719
692, -825.1953
693, -824.2188
694, -823.2422
695, -822.2656
696, -821.2891
697, -820.3125
698, -819.3359
699, -818.3594
700, -817.3828
701, -816.4063
702, -815.4297
703, -814.4531
704, -813.4766
705, -812.5000
706, -811.5234
707, -810.5469
708, -809.5703
709, -808.5938
710, -807.6172
711, -806.6406
712, -805.6641
713, -804.6875
714, -803.7109
715, -802.7344
716, -801.7578
717, -800.7813
718, -799.8047
719, -798.8281
720, -797.8516
721, -796.8750
722, -795.8984
723, -794.9219
724, -793.9453
725, -792.9688
726, -791.9922
727, -791.0156
728, -790.0391
729, -789.0625
730, -788.0859
731, -787.1094
732, -786.1328
733, -785.1563
734, -784.1797
735, -783.2031
736, -782.2266
737, -781.2500
738, -780.2734
739, -779.2969
740, -778.3203
741, -777.3438
742, -776.3672
743, -775.3906
744, -774.4141
745, -773.4375
746, -772.4609
747, -771.4844
748, -770.5078
749, -769.5313
750, -768.5547
751, -767.5781
752, -766.6016
753, -765.6250
754, -764.6484
755, -763.6719
756, -762.6953
757, -761.7188
758, -760.7422
759, -759.7656
760, -758.7891
761, -757.8125
762, -756.8359
763, -755.8594
764, -754.8828
765, -753.9063
766, -752.9297
767, -751.9531
768, -750.9766
769, -750.0000
770, -749.0234
771, -748.0469
772, -747.0703
773, -746.0938
774, -745.1172
775, -744.1406
776, -743.1641
777, -742.1875
778, -741.2109
779, -740.2344
780, -739.2578
781, -738.2813
782, -737.3047
783, -736.3281
784, -735.3516
785, -734.3750
786, -733.3984
787, -732.4219
788, -731.4453
789, -730.4688
790, -729.4922
791, -728.5156
792, -727.5391
793, -726.5625
794, -725.5859
795, -724.6094
796, -723.6328
797, -722.6563
798, -721.6797
799, -720.7031
800, -719.7266
801, -718.7500
802, -717.7734
803, -716.7969
804, -715.8203
805, -714.8438
806, -713.8672
807, -712.8906
808, -711.9141
809, -710.9375
810, -709.9609
811, -708.9844
812, -708.0078
813, -707.0313
814, -706.0547
815, -705.0781
816, -704.1016
817, -703.1250
818, -702.1484
819, -701.1719
820, -700.1953
821, -699.2188
822, -698.2422
823, -697.2656
824, -696.2891
825, -695.3125
826, -694.3359
827, -693.3594
828, -692.3828
829, -691.4063
830, -690.4297
831, -689.4531
832, -688.4766
833, -687.5000
834, -686.5234
835, -685.5469
836, -684.5703
837, -683.5938
838, -682.6172
839, -681.6406
840, -680.6641
841, -679.6875
842, -678.7109
843, -677.7344
844, -676.7578
845, -675.7813
846, -674.8047
847, -673.8281
848, -672.8516
849, -671.8750
850, -670.8984
851, -669.9219
852, -668.9453
853, -667.9688
854, -666.9922
855, -666.0156
856, -665.0391
857, -664.0625
858, -663.0859
859, -662.1094
860, -661.1328
861, -660.1563
862, -659.1797
863, -658.2031
864, -657.2266
865, -656.2500
866, -655.2734
867, -654.2969
868, -653.3203
869, -652.3438
870, -651.3672
871, -650.3906
872, -649.4141
873, -648.4375
874, -647.4609
875, -646.4844
876, -645.5078
877, -644.5313
878, -643.5547
879, -642.5781
880, -641.6016
881, -640.6250
882, -639.6484
883, -638.6719
884, -637.6953
885, -636.7188
886, -635.7422
887, -634.7656
888, -633.7891
889, -632.8125
890, -631.8359
891, -630.8594
892, -629.8828
893, -628.9063
894, -627.9297
895, -626.9531
896, -625.9766
897, -625.0000
898, -624.0234
899, -623.0469
900, -622.0703
901, -621.0938
902, -620.1172
903, -619.1406
904, -618.1641
905, -617.1875
906, -616.2109
907, -615.2344
908, -614.2578
909, -613.2813
910, -612.3047
911, -611.3281
912, -610.3516
913, -609.3750
914, -608.3984
915, -607.4219
916, -606.4453
917, -605.4688
918, -604.4922
919, -603.5156
920, -602.5391
921, -601.5625
922, -600.5859
923, -599.6094
924, -598.6328
925, -597.6563
926, -596.6797
927, -595.7031
928, -594.7266
929, -593.7500
930, -592.7734
931, -591.7969
932, -590.8203
933, -589.8438
934, -588.8672
935, -587.8906
936, -586.9141
937, -585.9375
938, -584.9609
939, -583.9844
940, -583.0078
941, -582.0313
942, -581.0547
943, -580.0781
944, -579.1016
945, -578.1250
946, -577.1484
947, -576.1719
948, -575.1953
949, -574.2188
950, -573.2422
951, -572.2656
952, -571.2891
953, -570.3125
954, -569.3359
955, -568.3594
956, -567.3828
957, -566.4063
958, -565.4297
959, -564.4531
960, -563.4766
961, -562.5000
962, -561.5234
963, -560.5469
964, -559.5703
965, -558.5938
966, -557.6172
967, -556.6406
968, -555.6641
969, -554.6875
970, -553.7109
971, -552.7344
972, -551.7578
973, -550.7813
974, -549.8047
975, -548.8281
976, -547.8516
977, -546.8750
978, -545.8984
979, -544.9219
980, -543.9453
981, -542.9688
982, -541.9922
983, -541.0156
984, -540.0391
985, -539.0625
986, -538.0859
987, -537.1094
988, -536.1328
989, -535.1563
990, -534.1797
991, -533.2031
992, -532.2266
993, -531.2500
994, -530.2734
995, -529.2969
996, -528.3203
997, -527.3438
998, -526.3672
999, -525.3906
1000, -524.4141
1001, -523.4375
1002, -522.4609
1003, -521.4844
1004, -520.5078
1005, -519.5313
1006, -518.5547
1007, -517.5781
1008, -516.6016
1009, -515.6250
1010, -514.6484
1011, -513.6719
1012, -512.6953
1013, -511.7188
1014, -510.7422
1015, -509.7656
1016, -508.7891
1017, -507.8125
1018, -506.8359
1019, -505.8594
1020, -504.8828
1021, -503.9063
1022, -502.9297
1023, -501.9531
1024, -500.9766
1025, -500.0000
1026, -499.0234
1027, -498.0469
1028, -497.0703
1029, -496.0938
1030, -495.1172
1031, -494.1406
1032, -493.1641
1033, -492.1875
1034, -491.2109
1035, -490.2344
1036, -489.2578
1037, -488.2813
1038, -487.3047
1039, -486.3281
1040, -485.3516
1041, -484.3750
1042, -483.3984
1043, -482.4219
1044, -481.4453
1045, -480.4688
1046, -479.4922
1047, -478.5156
1048, -477.5391
1049, -476.5625
1050, -475.5859
1051, -474.6094
1052, -473.6328
1053, -472.6563
1054, -471.6797
1055, -470.7031
1056, -469.7266
1057, -468.7500
1058, -467.7734
1059, -466.7969
1060, -465.8203
1061, -464.8438
1062, -463.8672
1063, -462.8906
1064, -461.9141
1065, -460.9375
1066, -459.9609
1067, -458.9844
1068, -458.0078
1069, -457.0313
1070, -456.0547
1071, -455.0781
1072, -454.1016
1073, -453.1250
1074, -452.1484
1075, -451.1719
1076, -450.1953
1077, -449.2188
1078, -448.2422
1079, -447.2656
1080, -446.2891
1081, -445.3125
1082, -444.3359
1083, -443.3594
1084, -442.3828
1085, -441.4063
1086, -440.4297
1087, -439.4531
1088, -438.4766
1089, -437.5000
1090, -436.5234
1091, -435.5469
1092, -434.5703
1093, -433.5938
1094, -432.6172
1095, -431.6406
1096, -430.6641
1097, -429.6875
1098, -428.7109
1099, -427.7344
1100, -426.7578
1101, -425.7813
1102, -424.8047
1103, -423.8281
1104, -422.8516
1105, -421.8750
1106, -420.8984
1107, -419.9219
1108, -418.9453
1109, -417.9688
1110, -416.9922
1111, -416.0156
1112, -415.0391
1113, -414.0625
1114, -413.0859
1115, -412.1094
1116, -411.1328
1117, -410.1563
1118, -409.1797
1119, -408.2031
1120, -407.2266
1121, -406.2500
1122, -405.2734
1123, -404.2969
1124, -403.3203
1125, -402.3438
1126, -401.3672
1127, -400.3906
1128, -399.4141
1129, -398.4375
1130, -397.4609
1131, -396.4844
1132, -395.5078
1133, -394.5313
1134, -393.5547
1135, -392.5781
1136, -391.6016
1137, -390.6250
1138, -389.6484
1139, -388.6719
1140, -387.6953
1141, -386.7188
1142, -385.7422
1143, -384.7656
1144, -383.7891
1145, -382.8125
1146, -381.8359
1147, -380.8594
1148, -379.8828
1149, -378.9063
1150, -377.9297
1151, -376.9531
1152, -375.9766
1153, -375.0000
1154, -374.0234
1155, -373.0469
1156, -372.0703
1157, -371.0938
1158, -370.1172
1159, -369.1406
1160, -368.1641
1161, -367.1875
1162, -366.2109
1163, -365.2344
1164, -364.2578
1165, -363.2813
1166, -362.3047
1167, -361.3281
1168, -360.3516
1169, -359.3750
1170, -358.3984
1171, -357.4219
1172, -356.4453
1173, -355.4688
1174, -354.4922
1175, -353.5156
1176, -352.5391
1177, -351.5625
1178, -350.5859
1179, -349.6094
1180, -348.6328
1181, -347.6563
1182, -346.6797
1183, -345.7031
1184, -344.7266
1185, -343.7500
1186, -342.7734
1187, -341.7969
1188, -340.8203
1189, -339.8438
1190, -338.8672
1191, -337.8906
1192, -336.9141
1193, -335.9375
1194, -334.9609
1195, -333.9844
1196, -333.0078
1197, -332.0313
1198, -331.0547
1199, -330.0781
1200, -329.1016
1201, -328.1250
1202, -327.1484
1203, -326.1719
1204, -325.1953
1205, -324.2188
1206, -323.2422
1207, -322.2656
1208, -321.2891
1209, -320.3125
1210, -319.3359
1211, -318.3594
1212, -317.3828
1213, -316.4063
1214, -315.4297
1215, -314.4531
1216, -313.4766
1217, -312.5000
1218, -311.5234
1219, -310.5469
1220, -309.5703
1221, -308.5938
1222, -307.6172
1223, -306.6406
1224, -305.6641
1225, -304.6875
1226, -303.7109
1227, -302.7344
1228, -301.7578
1229, -300.7813
1230, -299.8047
1231, -298.8281
1232, -297.8516
1233, -296.8750
1234, -295.8984
1235, -294.9219
1236, -293.9453
1237, -292.9688
1238, -291.9922
1239, -291.0156
1240, -290.0391
1241, -289.0625
1242, -288.0859
1243, -287.1094
1244, -286.1328
1245, -285.1563
1246, -284.1797
1247, -283.2031
1248, -282.2266
1249, -281.2500
1250, -280.2734
1251, -279.2969
1252, -278.3203
1253, -277.3438
1254, -276.3672
1255, -275.3906
1256, -274.4141
1257, -273.4375
1258, -272.4609
1259, -271.4844
1260, -270.5078
1261, -269.5313
1262, -268.5547
1263, -267.5781
1264, -266.6016
1265, -265.6250
1266, -264.6484
1267, -263.6719
1268, -262.6953
1269, -261.7188
1270, -260.7422
1271, -259.7656
1272, -258.7891
1273, -257.8125
1274, -256.8359
1275, -255.8594
1276, -254.8828
1277, -253.9063
1278, -252.9297
1279, -251.9531
1280, -250.9766
1281, -250.0000
1282, -249.0234
1283, -248.0469
1284, -247.0703
1285, -246.0938
1286, -245.1172
1287, -244.1406
1288, -243.1641
1289, -242.1875
1290, -241.2109
1291, -240.2344
1292, -239.2578
1293, -238.2813
1294, -237.3047
1295, -236.3281
1296, -235.3516
1297, -234.3750
1298, -233.3984
1299, -232.4219
1300, -231.4453
1301, -230.4688
1302, -229.4922
1303, -228.5156
1304, -227.5391
1305, -226.5625
1306, -225.5859
1307, -224.6094
1308, -223.6328
1309, -222.6563
1310, -221.6797
1311, -220.7031
1312, -219.7266
1313, -218.7500
1314, -217.7734
1315, -216.7969
1316, -215.8203
1317, -214.8438
1318, -213.8672
1319, -212.8906
1320, -211.9141
1321, -210.9375
1322, -209.9609
1323, -208.9844
1324, -208.0078
1325, -207.0313
1326, -206.0547
1327, -205.0781
1328, -204.1016
1329, -203.1250
1330, -202.1484
1331, -201.1719
1332, -200.1953
1333, -199.2188
1334, -198.2422
1335, -197.2656
1336, -196.2891
1337, -195.3125
1338, -194.3359
1339, -193.3594
1340, -192.3828
1341, -191.4063
1342, -190.4297
1343, -189.4531
1344, -188.4766
1345, -187.5000
1346, -186.5234
1347, -185.5469
1348, -184.5703
1349, -183.5938
1350, -182.6172
1351, -181.6406
1352, -180.6641
1353, -179.6875
1354, -178.7109
1355, -177.7344
1356, -176.7578
1357, -175.7813
1358, -174.8047
1359, -173.8281
1360, -172.8516
1361, -171.8750
1362, -170.8984
1363, -169.9219
1364, -168.9453
1365, -167.9688
1366, -166.9922
1367, -166.0156
1368, -165.0391
1369, -164.0625
1370, -163.0859
1371, -162.1094
1372, -161.1328
1373, -160.1563
1374, -159.1797
1375, -158.2031
1376, -157.2266
1377, -156.2500
1378, -155.2734
1379, -154.2969
1380, -153.3203
1381, -152.3438
1382, -151.3672
1383, -150.3906
1384, -149.4141
1385, -148.4375
1386, -147.4609
1387, -146.4844
1388, -145.5078
1389, -144.5313
1390, -143.5547
1391, -142.5781
1392, -141.6016
1393, -140.6250
1394, -139.6484
1395, -138.6719
1396, -137.6953
1397, -136.7188
1398, -135.7422
1399, -134.7656
1400, -133.7891
1401, -132.8125
1402, -131.8359
1403, -130.8594
1404, -129.8828
1405, -128.9063
1406, -127.9297
1407, -126.9531
1408, -125.9766
1409, -125.0000
1410, -124.0234
1411, -123.0469
1412, -122.0703
1413, -121.0938
1414, -120.1172
1415, -119.1406
1416, -118.1641
1417, -117.1875
1418, -116.2109
1419, -115.2344
1420, -114.2578
1421, -113.2813
1422, -112.3047
1423, -111.3281
1424, -110.3516
1425, -109.3750
1426, -108.3984
1427, -107.4219
1428, -106.4453
1429, -105.4688
1430, -104.4922
1431, -103.5156
1432, -102.5391
1433, -101.5625
1434, -100.5859
1435, -99.6094
1436, -98.6328
1437, -97.6563
1438, -96.6797
1439, -95.7031
1440, -94.7266
1441, -93.7500
1442, -92.7734
1443, -91.7969
1444, -90.8203
1445, -89.8438
1446, -88.8672
1447, -87.8906
1448, -86.9141
1449, -85.9375
1450, -84.9609
1451, -83.9844
1452, -83.0078
1453, -82.0313
1454, -81.0547
1455, -80.0781
1456, -79.1016
1457, -78.1250
1458, -77.1484
1459, -76.1719
1460, -75.1953
1461, -74.2188
1462, -73.2422
1463, -72.2656
1464, -71.2891
1465, -70.3125
1466, -69.3359
1467, -68.3594
1468, -67.3828
1469, -66.4063
1470, -65.4297
1471, -64.4531
1472, -63.4766
1473, -62.5000
1474, -61.5234
1475, -60.5469
1476, -59.5703
1477, -58.5938
1478, -57.6172
1479, -56.6406
1480, -55.6641
1481, -54.6875
1482, -53.7109
1483, -52.7344
1484, -51.7578
1485, -50.7813
1486, -49.8047
1487, -48.8281
1488, -47.8516
1489, -46.8750
1490, -45.8984
1491, -44.9219
1492, -43.9453
1493, -42.9688
1494, -41.9922
1495, -41.0156
1496, -40.0391
1497, -39.0625
1498, -38.0859
1499, -37.1094
1500, -36.1328
1501, -35.1563
1502, -34.1797
1503, -33.2031
1504, -32.2266
1505, -31.2500
1506, -30.2734
1507, -29.2969
1508, -28.3203
1509, -27.3438
1510, -26.3672
1511, -25.3906
1512, -24.4141
1513, -23.4375
1514, -22.4609
1515, -21.4844
1516, -20.5078
1517, -19.5313
1518, -18.5547
1519, -17.5781
1520, -16.6016
1521, -15.6250
1522, -14.6484
1523, -13.6719
1524, -12.6953
1525, -11.7188
1526, -10.7422
1527, -9.7656
1528, -8.7891
1529, -7.8125
1530, -6.8359
1531, -5.8594
1532, -4.8828
1533, -3.9063
1534, -2.9297
1535, -1.9531
1536, -0.9766
1537, 0.0000
1538, 0.9766
1539, 1.9531
1540, 2.9297
1541, 3.9063
1542, 4.8828
1543, 5.8594
1544, 6.8359
1545, 7.8125
1546, 8.7891
1547, 9.7656
1548, 10.7422
1549, 11.7188
1550, 12.6953
1551, 13.6719
1552, 14.6484
1553, 15.6250
1554, 16.6016
1555, 17.5781
1556, 18.5547
1557, 19.5313
1558, 20.5078
1559, 21.4844
1560, 22.4609
1561, 23.4375
1562, 24.4141
1563, 25.3906
1564, 26.3672
1565, 27.3438
1566, 28.3203
1567, 29.2969
1568, 30.2734
1569, 31.2500
1570, 32.2266
1571, 33.2031
1572, 34.1797
1573, 35.1563
1574, 36.1328
1575, 37.1094
1576, 38.0859
1577, 39.0625
1578, 40.0391
1579, 41.0156
1580, 41.9922
1581, 42.9688
1582, 43.9453
1583, 44.9219
1584, 45.8984
1585, 46.8750
1586, 47.8516
1587, 48.8281
1588, 49.8047
1589, 50.7813
1590, 51.7578
1591, 52.7344
1592, 53.7109
1593, 54.6875
1594, 55.6641
1595, 56.6406
1596, 57.6172
1597, 58.5938
1598, 59.5703
1599, 60.5469
1600, 61.5234
1601, 62.5000
1602, 63.4766
1603, 64.4531
1604, 65.4297
1605, 66.4063
1606, 67.3828
1607, 68.3594
1608, 69.3359
1609, 70.3125
1610, 71.2891
1611, 72.2656
1612, 73.2422
1613, 74.2188
1614, 75.1953
1615, 76.1719
1616, 77.1484
1617, 78.1250
1618, 79.1016
1619, 80.0781
1620, 81.0547
1621, 82.0313
1622, 83.0078
1623, 83.9844
1624, 84.9609
1625, 85.9375
1626, 86.9141
1627, 87.8906
1628, 88.8672
1629, 89.8438
1630, 90.8203
1631, 91.7969
1632, 92.7734
1633, 93.7500
1634, 94.7266
1635, 95.7031
1636, 96.6797
1637, 97.6563
1638, 98.6328
1639, 99.6094
1640, 100.5859
1641, 101.5625
1642, 102.5391
1643, 103.5156
1644, 104.4922
1645, 105.4688
1646, 106.4453
1647, 107.4219
1648, 108.3984
1649, 109.3750
1650, 110.3516
1651, 111.3281
1652, 112.3047
1653, 113.2813
1654, 114.2578
1655, 115.2344
1656, 116.2109
1657, 117.1875
1658, 118.1641
1659, 119.1406
1660, 120.1172
1661, 121.0938
1662, 122.0703
1663, 123.0469
1664, 124.0234
1665, 125.0000
1666, 125.9766
1667, 126.9531
1668, 127.9297
1669, 128.9063
1670, 129.8828
1671, 130.8594
1672, 131.8359
1673, 132.8125
1674, 133.7891
1675, 134.7656
1676, 135.7422
1677, 136.7188
1678, 137.6953
1679, 138.6719
1680, 139.6484
1681, 140.6250
1682, 141.6016
1683, 142.5781
1684, 143.5547
1685, 144.5313
1686, 145.5078
1687, 146.4844
1688, 147.4609
1689, 148.4375
1690, 149.4141
1691, 150.3906
1692, 151.3672
1693, 152.3438
1694, 153.3203
1695, 154.2969
1696, 155.2734
1697, 156.2500
1698, 157.2266
1699, 158.2031
1700, 159.1797
1701, 160.1563
1702, 161.1328
1703, 162.1094
1704, 163.0859
1705, 164.0625
1706, 165.0391
1707, 166.0156
1708, 166.9922
1709, 167.9688
1710, 168.9453
1711, 169.9219
1712, 170.8984
1713, 171.8750
1714, 172.8516
1715, 173.8281
1716, 174.8047
1717, 175.7813
1718, 176.7578
1719, 177.7344
1720, 178.7109
1721, 179.6875
1722, 180.6641
1723, 181.6406
1724, 182.6172
1725, 183.5938
1726, 184.5703
1727, 185.5469
1728, 186.5234
1729, 187.5000
1730, 188.4766
1731, 189.4531
1732, 190.4297
1733, 191.4063
1734, 192.3828
1735, 193.3594
1736, 194.3359
1737, 195.3125
1738, 196.2891
1739, 197.2656
1740, 198.2422
1741, 199.2188
1742, 200.1953
1743, 201.1719
1744, 202.1484
1745, 203.1250
1746, 204.1016
1747, 205.0781
1748, 206.0547
1749, 207.0313
1750, 208.0078
1751, 208.9844
1752, 209.9609
1753, 210.9375
1754, 211.9141
1755, 212.8906
1756, 213.8672
1757, 214.8438
1758, 215.8203
1759, 216.7969
1760, 217.7734
1761, 218.7500
1762, 219.7266
1763, 220.7031
1764, 221.6797
1765, 222.6563
1766, 223.6328
1767, 224.6094
1768, 225.5859
1769, 226.5625
1770, 227.5391
1771, 228.5156
1772, 229.4922
1773, 230.4688
1774, 231.4453
1775, 232.4219
1776, 233.3984
1777, 234.3750
1778, 235.3516
1779, 236.3281
1780, 237.3047
1781, 238.2813
1782, 239.2578
1783, 240.2344
1784, 241.2109
1785, 242.1875
1786, 243.1641
1787, 244.1406
1788, 245.1172
1789, 246.0938
1790, 247.0703
1791, 248.0469
1792, 249.0234
1793, 250.0000
1794, 250.9766
1795, 251.9531
1796, 252.9297
1797, 253.9063
1798, 254.8828
1799, 255.8594
1800, 256.8359
1801, 257.8125
1802, 258.7891
1803, 259.7656
1804, 260.7422
1805, 261.7188
1806, 262.6953
1807, 263.6719
1808, 264.6484
1809, 265.6250
1810, 266.6016
1811, 267.5781
1812, 268.5547
1813, 269.5313
1814, 270.5078
1815, 271.4844
1816, 272.4609
1817, 273.4375
1818, 274.4141
1819, 275.3906
1820, 276.3672
1821, 277.3438
1822, 278.3203
1823, 279.2969
1824, 280.2734
1825, 281.2500
1826, 282.2266
1827, 283.2031
1828, 284.1797
1829, 285.1563
1830, 286.1328
1831, 287.1094
1832, 288.0859
1833, 289.0625
1834, 290.0391
1835, 291.0156
1836, 291.9922
1837, 292.9688
1838, 293.9453
1839, 294.9219
1840, 295.8984
1841, 296.8750
1842, 297.8516
1843, 298.8281
1844, 299.8047
1845, 300.7813
1846, 301.7578
1847, 302.7344
1848, 303.7109
1849, 304.6875
1850, 305.6641
1851, 306.6406
1852, 307.6172
1853, 308.5938
1854, 309.5703
1855, 310.5469
1856, 311.5234
1857, 312.5000
1858, 313.4766
1859, 314.4531
1860, 315.4297
1861, 316.4063
1862, 317.3828
1863, 318.3594
1864, 319.3359
1865, 320.3125
1866, 321.2891
1867, 322.2656
1868, 323.2422
1869, 324.2188
1870, 325.1953
1871, 326.1719
1872, 327.1484
1873, 328.1250
1874, 329.1016
1875, 330.0781
1876, 331.0547
1877, 332.0313
1878, 333.0078
1879, 333.9844
1880, 334.9609
1881, 335.9375
1882, 336.9141
1883, 337.8906
1884, 338.8672
1885, 339.8438
1886, 340.8203
1887, 341.7969
1888, 342.7734
1889, 343.7500
1890, 344.7266
1891, 345.7031
1892, 346.6797
1893, 347.6563
1894, 348.6328
1895, 349.6094
1896, 350.5859
1897, 351.5625
1898, 352.5391
1899, 353.5156
1900, 354.4922
1901, 355.4688
1902, 356.4453
1903, 357.4219
1904, 358.3984
1905, 359.3750
1906, 360.3516
1907, 361.3281
1908, 362.3047
1909, 363.2813
1910, 364.2578
1911, 365.2344
1912, 366.2109
1913, 367.1875
1914, 368.1641
1915, 369.1406
1916, 370.1172
1917, 371.0938
1918, 372.0703
1919, 373.0469
1920, 374.0234
1921, 375.0000
1922, 375.9766
1923, 376.9531
1924, 377.9297
1925, 378.9063
1926, 379.8828
1927, 380.8594
1928, 381.8359
1929, 382.8125
1930, 383.7891
1931, 384.7656
1932, 385.7422
1933, 386.7188
1934, 387.6953
1935, 388.6719
1936, 389.6484
1937, 390.6250
1938, 391.6016
1939, 392.5781
1940, 393.5547
1941, 394.5313
1942, 395.5078
1943, 396.4844
1944, 397.4609
1945, 398.4375
1946, 399.4141
1947, 400.3906
1948, 401.3672
1949, 402.3438
1950, 403.3203
1951, 404.2969
1952, 405.2734
1953, 406.2500
1954, 407.2266
1955, 408.2031
1956, 409.1797
1957, 410.1563
1958, 411.1328
1959, 412.1094
1960, 413.0859
1961, 414.0625
1962, 415.0391
1963, 416.0156
1964, 416.9922
1965, 417.9688
1966, 418.9453
1967, 419.9219
1968, 420.8984
1969, 421.8750
1970, 422.8516
1971, 423.8281
1972, 424.8047
1973, 425.7813
1974, 426.7578
1975, 427.7344
1976, 428.7109
1977, 429.6875
1978, 430.6641
1979, 431.6406
1980, 432.6172
1981, 433.5938
1982, 434.5703
1983, 435.5469
1984, 436.5234
1985, 437.5000
1986, 438.4766
1987, 439.4531
1988, 440.4297
1989, 441.4063
1990, 442.3828
1991, 443.3594
1992, 444.3359
1993, 445.3125
1994, 446.2891
1995, 447.2656
1996, 448.2422
1997, 449.2188
1998, 450.1953
1999, 451.1719
2000, 452.1484
2001, 453.1250
2002, 454.1016
2003, 455.0781
2004, 456.0547
2005, 457.0313
2006, 458.0078
2007, 458.9844
2008, 459.9609
2009, 460.9375
2010, 461.9141
2011, 462.8906
2012, 463.8672
2013, 464.8438
2014, 465.8203
2015, 466.7969
2016, 467.7734
2017, 468.7500
2018, 469.7266
2019, 470.7031
2020, 471.6797
2021, 472.6563
2022, 473.6328
2023, 474.6094
2024, 475.5859
2025, 476.5625
2026, 477.5391
2027, 478.5156
2028, 479.4922
2029, 480.4688
2030, 481.4453
2031, 482.4219
2032, 483.3984
2033, 484.3750
2034, 485.3516
2035, 486.3281
2036, 487.3047
2037, 488.2813
2038, 489.2578
2039, 490.2344
2040, 491.2109
2041, 492.1875
2042, 493.1641
2043, 494.1406
2044, 495.1172
2045, 496.0938
2046, 497.0703
2047, 498.0469
2048, 499.0234
2049, 500.0000
2050, 500.9766
2051, 501.9531
2052, 502.9297
2053, 503.9063
2054, 504.8828
2055, 505.8594
2056, 506.8359
2057, 507.8125
2058, 508.7891
2059, 509.7656
2060, 510.7422
2061, 511.7188
2062, 512.6953
2063, 513.6719
2064, 514.6484
2065, 515.6250
2066, 516.6016
2067, 517.5781
2068, 518.5547
2069, 519.5313
2070, 520.5078
2071, 521.4844
2072, 522.4609
2073, 523.4375
2074, 524.4141
2075, 525.3906
2076, 526.3672
2077, 527.3438
2078, 528.3203
2079, 529.2969
2080, 530.2734
2081, 531.2500
2082, 532.2266
2083, 533.2031
2084, 534.1797
2085, 535.1563
2086, 536.1328
2087, 537.1094
2088, 538.0859
2089, 539.0625
2090, 540.0391
2091, 541.0156
2092, 541.9922
2093, 542.9688
2094, 543.9453
2095, 544.9219
2096, 545.8984
2097, 546.8750
2098, 547.8516
2099, 548.8281
2100, 549.8047
2101, 550.7813
2102, 551.7578
2103, 552.7344
2104, 553.7109
2105, 554.6875
2106, 555.6641
2107, 556.6406
2108, 557.6172
2109, 558.5938
2110, 559.5703
2111, 560.5469
2112, 561.5234
2113, 562.5000
2114, 563.4766
2115, 564.4531
2116, 565.4297
2117, 566.4063
2118, 567.3828
2119, 568.3594
2120, 569.3359
2121, 570.3125
2122, 571.2891
2123, 572.2656
2124, 573.2422
2125, 574.2188
2126, 575.1953
2127, 576.1719
2128, 577.1484
2129, 578.1250
2130, 579.1016
2131, 580.0781
2132, 581.0547
2133, 582.0313
2134, 583.0078
2135, 583.9844
2136, 584.9609
2137, 585.9375
2138, 586.9141
2139, 587.8906
2140, 588.8672
2141, 589.8438
2142, 590.8203
2143, 591.7969
2144, 592.7734
2145, 593.7500
2146, 594.7266
2147, 595.7031
2148, 596.6797
2149, 597.6563
2150, 598.6328
2151, 599.6094
2152, 600.5859
2153, 601.5625
2154, 602.5391
2155, 603.5156
2156, 604.4922
2157, 605.4688
2158, 606.4453
2159, 607.4219
2160, 608.3984
2161, 609.3750
2162, 610.3516
2163, 611.3281
2164, 612.3047
2165, 613.2813
2166, 614.2578
2167, 615.2344
2168, 616.2109
2169, 617.1875
2170, 618.1641
2171, 619.1406
2172, 620.1172
2173, 621.0938
2174, 622.0703
2175, 623.0469
2176, 624.0234
2177, 625.0000
2178, 625.9766
2179, 626.9531
2180, 627.9297
2181, 628.9063
2182, 629.8828
2183, 630.8594
2184, 631.8359
2185, 632.8125
2186, 633.7891
2187, 634.7656
2188, 635.7422
2189, 636.7188
2190, 637.6953
2191, 638.6719
2192, 639.6484
2193, 640.6250
2194, 641.6016
2195, 642.5781
2196, 643.5547
2197, 644.5313
2198, 645.5078
2199, 646.4844
2200, 647.4609
2201, 648.4375
2202, 649.4141
2203, 650.3906
2204, 651.3672
2205, 652.3438
2206, 653.3203
2207, 654.2969
2208, 655.2734
2209, 656.2500
2210, 657.2266
2211, 658.2031
2212, 659.1797
2213, 660.1563
2214, 661.1328
2215, 662.1094
2216, 663.0859
2217, 664.0625
2218, 665.0391
2219, 666.0156
2220, 666.9922
2221, 667.9688
2222, 668.9453
2223, 669.9219
2224, 670.8984
2225, 671.8750
2226, 672.8516
2227, 673.8281
2228, 674.8047
2229, 675.7813
2230, 676.7578
2231, 677.7344
2232, 678.7109
2233, 679.6875
2234, 680.6641
2235, 681.6406
2236, 682.6172
2237, 683.5938
2238, 684.5703
2239, 685.5469
2240, 686.5234
2241, 687.5000
2242, 688.4766
2243, 689.4531
2244, 690.4297
2245, 691.4063
2246, 692.3828
2247, 693.3594
2248, 694.3359
2249, 695.3125
2250, 696.2891
2251, 697.2656
2252, 698.2422
2253, 699.2188
2254, 700.1953
2255, 701.1719
2256, 702.1484
2257, 703.1250
2258, 704.1016
2259, 705.0781
2260, 706.0547
2261, 707.0313
2262, 708.0078
2263, 708.9844
2264, 709.9609
2265, 710.9375
2266, 711.9141
2267, 712.8906
2268, 713.8672
2269, 714.8438
2270, 715.8203
2271, 716.7969
2272, 717.7734
2273, 718.7500
2274, 719.7266
2275, 720.7031
2276, 721.6797
2277, 722.6563
2278, 723.6328
2279, 724.6094
2280, 725.5859
2281, 726.5625
2282, 727.5391
2283, 728.5156
2284, 729.4922
2285, 730.4688
2286, 731.4453
2287, 732.4219
2288, 733.3984
2289, 734.3750
2290, 735.3516
2291, 736.3281
2292, 737.3047
2293, 738.2813
2294, 739.2578
2295, 740.2344
2296, 741.2109
2297, 742.1875
2298, 743.1641
2299, 744.1406
2300, 745.1172
2301, 746.0938
2302, 747.0703
2303, 748.0469
2304, 749.0234
2305, 750.0000
2306, 750.9766
2307, 751.9531
2308, 752.9297
2309, 753.9063
2310, 754.8828
2311, 755.8594
2312, 756.8359
2313, 757.8125
2314, 758.7891
2315, 759.7656
2316, 760.7422
2317, 761.7188
2318, 762.6953
2319, 763.6719
2320, 764.6484
2321, 765.6250
2322, 766.6016
2323, 767.5781
2324, 768.5547
2325, 769.5313
2326, 770.5078
2327, 771.4844
2328, 772.4609
2329, 773.4375
2330, 774.4141
2331, 775.3906
2332, 776.3672
2333, 777.3438
2334, 778.3203
2335, 779.2969
2336, 780.2734
2337, 781.2500
2338, 782.2266
2339, 783.2031
2340, 784.1797
2341, 785.1563
2342, 786.1328
2343, 787.1094
2344, 788.0859
2345, 789.0625
2346, 790.0391
2347, 791.0156
2348, 791.9922
2349, 792.9688
2350, 793.9453
2351, 794.9219
2352, 795.8984
2353, 796.8750
2354, 797.8516
2355, 798.8281
2356, 799.8047
2357, 800.7813
2358, 801.7578
2359, 802.7344
2360, 803.7109
2361, 804.6875
2362, 805.6641
2363, 806.6406
2364, 807.6172
2365, 808.5938
2366, 809.5703
2367, 810.5469
2368, 811.5234
2369, 812.5000
2370, 813.4766
2371, 814.4531
2372, 815.4297
2373, 816.4063
2374, 817.3828
2375, 818.3594
2376, 819.3359
2377, 820.3125
2378, 821.2891
2379, 822.2656
2380, 823.2422
2381, 824.2188
2382, 825.1953
2383, 826.1719
2384, 827.1484
2385, 828.1250
2386, 829.1016
2387, 830.0781
2388, 831.0547
2389, 832.0313
2390, 833.0078
2391, 833.9844
2392, 834.9609
2393, 835.9375
2394, 836.9141
2395, 837.8906
2396, 838.8672
2397, 839.8438
2398, 840.8203
2399, 841.7969
2400, 842.7734
2401, 843.7500
2402, 844.7266
2403, 845.7031
2404, 846.6797
2405, 847.6563
2406, 848.6328
2407, 849.6094
2408, 850.5859
2409, 851.5625
2410, 852.5391
2411, 853.5156
2412, 854.4922
2413, 855.4688
2414, 856.4453
2415, 857.4219
2416, 858.3984
2417, 859.3750
2418, 860.3516
2419, 861.3281
2420, 862.3047
2421, 863.2813
2422, 864.2578
2423, 865.2344
2424, 866.2109
2425, 867.1875
2426, 868.1641
2427, 869.1406
2428, 870.1172
2429, 871.0938
2430, 872.0703
2431, 873.0469
2432, 874.0234
2433, 875.0000
2434, 875.9766
2435, 876.9531
2436, 877.9297
2437, 878.9063
2438, 879.8828
2439, 880.8594
2440, 881.8359
2441, 882.8125
2442, 883.7891
2443, 884.7656
2444, 885.7422
2445, 886.7188
2446, 887.6953
2447, 888.6719
2448, 889.6484
2449, 890.6250
2450, 891.6016
2451, 892.5781
2452, 893.5547
2453, 894.5313
2454, 895.5078
2455, 896.4844
2456, 897.4609
2457, 898.4375
2458, 899.4141
2459, 900.3906
2460, 901.3672
2461, 902.3438
2462, 903.3203
2463, 904.2969
2464, 905.2734
2465, 906.2500
2466, 907.2266
2467, 908.2031
2468, 909.1797
2469, 910.1563
2470, 911.1328
2471, 912.1094
2472, 913.0859
2473, 914.0625
2474, 915.0391
2475, 916.0156
2476, 916.9922
2477, 917.9688
2478, 918.9453
2479, 919.9219
2480, 920.8984
2481, 921.8750
2482, 922.8516
2483, 923.8281
2484, 924.8047
2485, 925.7813
2486, 926.7578
2487, 927.7344
2488, 928.7109
2489, 929.6875
2490, 930.6641
2491, 931.6406
2492, 932.6172
2493, 933.5938
2494, 934.5703
2495, 935.5469
2496, 936.5234
2497, 937.5000
2498, 938.4766
2499, 939.4531
2500, 940.4297
2501, 941.4063
2502, 942.3828
2503, 943.3594
2504, 944.3359
2505, 945.3125
2506, 946.2891
2507, 947.2656
2508, 948.2422
2509, 949.2188
2510, 950.1953
2511, 951.1719
2512, 952.1484
2513, 953.1250
2514, 954.1016
2515, 955.0781
2516, 956.0547
2517, 957.0313
2518, 958.0078
2519, 958.9844
2520, 959.9609
2521, 960.9375
2522, 961.9141
2523, 962.8906
2524, 963.8672
2525, 964.8438
2526, 965.8203
2527, 966.7969
2528, 967.7734
2529, 968.7500
2530, 969.7266
2531, 970.7031
2532, 971.6797
2533, 972.6563
2534, 973.6328
2535, 974.6094
2536, 975.5859
2537, 976.5625
2538, 977.5391
2539, 978.5156
2540, 979.4922
2541, 980.4688
2542, 981.4453
2543, 982.4219
2544, 983.3984
2545, 984.3750
2546, 985.3516
2547, 986.3281
2548, 987.3047
2549, 988.2813
2550, 989.2578
2551, 990.2344
2552, 991.2109
2553, 992.1875
2554, 993.1641
2555, 994.1406
2556, 995.1172
2557, 996.0938
2558, 997.0703
2559, 998.0469
2560, 999.0234
2561, 1000.0000
2562, 1000.9766
2563, 1001.9531
2564, 1002.9297
2565, 1003.9063
2566, 1004.8828
2567, 1005.8594
2568, 1006.8359
2569, 1007.8125
2570, 1008.7891
2571, 1009.7656
2572, 1010.7422
2573, 1011.7188
2574, 1012.6953
2575, 1013.6719
2576, 1014.6484
2577, 1015.6250
2578, 1016.6016
2579, 1017.5781
2580, 1018.5547
2581, 1019.5313
2582, 1020.5078
2583, 1021.4844
2584, 1022.4609
2585, 1023.4375
2586, 1024.4141
2587, 1025.3906
2588, 1026.3672
2589, 1027.3438
2590, 1028.3203
2591, 1029.2969
2592, 1030.2734
2593, 1031.2500
2594, 1032.2266
2595, 1033.2031
2596, 1034.1797
2597, 1035.1563
2598, 1036.1328
2599, 1037.1094
2600, 1038.0859
2601, 1039.0625
2602, 1040.0391
2603, 1041.0156
2604, 1041.9922
2605, 1042.9688
2606, 1043.9453
2607, 1044.9219
2608, 1045.8984
2609, 1046.8750
2610, 1047.8516
2611, 1048.8281
2612, 1049.8047
2613, 1050.7813
2614, 1051.7578
2615, 1052.7344
2616, 1053.7109
2617, 1054.6875
2618, 1055.6641
2619, 1056.6406
2620, 1057.6172
2621, 1058.5938
2622, 1059.5703
2623, 1060.5469
2624, 1061.5234
2625, 1062.5000
2626, 1063.4766
2627, 1064.4531
2628, 1065.4297
2629, 1066.4063
2630, 1067.3828
2631, 1068.3594
2632, 1069.3359
2633, 1070.3125
2634, 1071.2891
2635, 1072.2656
2636, 1073.2422
2637, 1074.2188
2638, 1075.1953
2639, 1076.1719
2640, 1077.1484
2641, 1078.1250
2642, 1079.1016
2643, 1080.0781
2644, 1081.0547
2645, 1082.0313
2646, 1083.0078
2647, 1083.9844
2648, 1084.9609
2649, 1085.9375
2650, 1086.9141
2651, 1087.8906
2652, 1088.8672
2653, 1089.8438
2654, 1090.8203
2655, 1091.7969
2656, 1092.7734
2657, 1093.7500
2658, 1094.7266
2659, 1095.7031
2660, 1096.6797
2661, 1097.6563
2662, 1098.6328
2663, 1099.6094
2664, 1100.5859
2665, 1101.5625
2666, 1102.5391
2667, 1103.5156
2668, 1104.4922
2669, 1105.4688
2670, 1106.4453
2671, 1107.4219
2672, 1108.3984
2673, 1109.3750
2674, 1110.3516
2675, 1111.3281
2676, 1112.3047
2677, 1113.2813
2678, 1114.2578
2679, 1115.2344
2680, 1116.2109
2681, 1117.1875
2682, 1118.1641
2683, 1119.1406
2684, 1120.1172
2685, 1121.0938
2686, 1122.0703
2687, 1123.0469
2688, 1124.0234
2689, 1125.0000
2690, 1125.9766
2691, 1126.9531
2692, 1127.9297
2693, 1128.9063
2694, 1129.8828
2695, 1130.8594
2696, 1131.8359
2697, 1132.8125
2698, 1133.7891
2699, 1134.7656
2700, 1135.7422
2701, 1136.7188
2702, 1137.6953
2703, 1138.6719
2704, 1139.6484
2705, 1140.6250
2706, 1141.6016
2707, 1142.5781
2708, 1143.5547
2709, 1144.5313
2710, 1145.5078
2711, 1146.4844
2712, 1147.4609
2713, 1148.4375
2714, 1149.4141
2715, 1150.3906
2716, 1151.3672
2717, 1152.3438
2718, 1153.3203
2719, 1154.2969
2720, 1155.2734
2721, 1156.2500
2722, 1157.2266
2723, 1158.2031
2724, 1159.1797
2725, 1160.1563
2726, 1161.1328
2727, 1162.1094
2728, 1163.0859
2729, 1164.0625
2730, 1165.0391
2731, 1166.0156
2732, 1166.9922
2733, 1167.9688
2734, 1168.9453
2735, 1169.9219
2736, 1170.8984
2737, 1171.8750
2738, 1172.8516
2739, 1173.8281
2740, 1174.8047
2741, 1175.7813
2742, 1176.7578
2743, 1177.7344
2744, 1178.7109
2745, 1179.6875
2746, 1180.6641
2747, 1181.6406
2748, 1182.6172
2749, 1183.5938
2750, 1184.5703
2751, 1185.5469
2752, 1186.5234
2753, 1187.5000
2754, 1188.4766
2755, 1189.4531
2756, 1190.4297
2757, 1191.4063
2758, 1192.3828
2759, 1193.3594
2760, 1194.3359
2761, 1195.3125
2762, 1196.2891
2763, 1197.2656
2764, 1198.2422
2765, 1199.2188
2766, 1200.1953
2767, 1201.1719
2768, 1202.1484
2769, 1203.1250
2770, 1204.1016
2771, 1205.0781
2772, 1206.0547
2773, 1207.0313
2774, 1208.0078
2775, 1208.9844
2776, 1209.9609
2777, 1210.9375
2778, 1211.9141
2779, 1212.8906
2780, 1213.8672
2781, 1214.8438
2782, 1215.8203
2783, 1216.7969
2784, 1217.7734
2785, 1218.7500
2786, 1219.7266
2787, 1220.7031
2788, 1221.6797
2789, 1222.6563
2790, 1223.6328
2791, 1224.6094
2792, 1225.5859
2793, 1226.5625
2794, 1227.5391
2795, 1228.5156
2796, 1229.4922
2797, 1230.4688
2798, 1231.4453
2799, 1232.4219
2800, 1233.3984
2801, 1234.3750
2802, 1235.3516
2803, 1236.3281
2804, 1237.3047
2805, 1238.2813
2806, 1239.2578
2807, 1240.2344
2808, 1241.2109
2809, 1242.1875
2810, 1243.1641
2811, 1244.1406
2812, 1245.1172
2813, 1246.0938
2814, 1247.0703
2815, 1248.0469
2816, 1249.0234
2817, 1250.0000
2818, 1250.9766
2819, 1251.9531
2820, 1252.9297
2821, 1253.9063
2822, 1254.8828
2823, 1255.8594
2824, 1256.8359
2825, 1257.8125
2826, 1258.7891
2827, 1259.7656
2828, 1260.7422
2829, 1261.7188
2830, 1262.6953
2831, 1263.6719
2832, 1264.6484
2833, 1265.6250
2834, 1266.6016
2835, 1267.5781
2836, 1268.5547
2837, 1269.5313
2838, 1270.5078
2839, 1271.4844
2840, 1272.4609
2841, 1273.4375
2842, 1274.4141
2843, 1275.3906
2844, 1276.3672
2845, 1277.3438
2846, 1278.3203
2847, 1279.2969
2848, 1280.2734
2849, 1281.2500
2850, 1282.2266
2851, 1283.2031
2852, 1284.1797
2853, 1285.1563
2854, 1286.1328
2855, 1287.1094
2856, 1288.0859
2857, 1289.0625
2858, 1290.0391
2859, 1291.0156
2860, 1291.9922
2861, 1292.9688
2862, 1293.9453
2863, 1294.9219
2864, 1295.8984
2865, 1296.8750
2866, 1297.8516
2867, 1298.8281
2868, 1299.8047
2869, 1300.7813
2870, 1301.7578
2871, 1302.7344
2872, 1303.7109
2873, 1304.6875
2874, 1305.6641
2875, 1306.6406
2876, 1307.6172
2877, 1308.5938
2878, 1309.5703
2879, 1310.5469
2880, 1311.5234
2881, 1312.5000
2882, 1313.4766
2883, 1314.4531
2884, 1315.4297
2885, 1316.4063
2886, 1317.3828
2887, 1318.3594
2888, 1319.3359
2889, 1320.3125
2890, 1321.2891
2891, 1322.2656
2892, 1323.2422
2893, 1324.2188
2894, 1325.1953
2895, 1326.1719
2896, 1327.1484
2897, 1328.1250
2898, 1329.1016
2899, 1330.0781
2900, 1331.0547
2901, 1332.0313
2902, 1333.0078
2903, 1333.9844
2904, 1334.9609
2905, 1335.9375
2906, 1336.9141
2907, 1337.8906
2908, 1338.8672
2909, 1339.8438
2910, 1340.8203
2911, 1341.7969
2912, 1342.7734
2913, 1343.7500
2914, 1344.7266
2915, 1345.7031
2916, 1346.6797
2917, 1347.6563
2918, 1348.6328
2919, 1349.6094
2920, 1350.5859
2921, 1351.5625
2922, 1352.5391
2923, 1353.5156
2924, 1354.4922
2925, 1355.4688
2926, 1356.4453
2927, 1357.4219
2928, 1358.3984
2929, 1359.3750
2930, 1360.3516
2931, 1361.3281
2932, 1362.3047
2933, 1363.2813
2934, 1364.2578
2935, 1365.2344
2936, 1366.2109
2937, 1367.1875
2938, 1368.1641
2939, 1369.1406
2940, 1370.1172
2941, 1371.0938
2942, 1372.0703
2943, 1373.0469
2944, 1374.0234
2945, 1375.0000
2946, 1375.9766
2947, 1376.9531
2948, 1377.9297
2949, 1378.9063
2950, 1379.8828
2951, 1380.8594
2952, 1381.8359
2953, 1382.8125
2954, 1383.7891
2955, 1384.7656
2956, 1385.7422
2957, 1386.7188
2958, 1387.6953
2959, 1388.6719
2960, 1389.6484
2961, 1390.6250
2962, 1391.6016
2963, 1392.5781
2964, 1393.5547
2965, 1394.5313
2966, 1395.5078
2967, 1396.4844
2968, 1397.4609
2969, 1398.4375
2970, 1399.4141
2971, 1400.3906
2972, 1401.3672
2973, 1402.3438
2974, 1403.3203
2975, 1404.2969
2976, 1405.2734
2977, 1406.2500
2978, 1407.2266
2979, 1408.2031
2980, 1409.1797
2981, 1410.1563
2982, 1411.1328
2983, 1412.1094
2984, 1413.0859
2985, 1414.0625
2986, 1415.0391
2987, 1416.0156
2988, 1416.9922
2989, 1417.9688
2990, 1418.9453
2991, 1419.9219
2992, 1420.8984
2993, 1421.8750
2994, 1422.8516
2995, 1423.8281
2996, 1424.8047
2997, 1425.7813
2998, 1426.7578
2999, 1427.7344
3000, 1428.7109
3001, 1429.6875
3002, 1430.6641
3003, 1431.6406
3004, 1432.6172
3005, 1433.5938
3006, 1434.5703
3007, 1435.5469
3008, 1436.5234
3009, 1437.5000
3010, 1438.4766
3011, 1439.4531
3012, 1440.4297
3013, 1441.4063
3014, 1442.3828
3015, 1443.3594
3016, 1444.3359
3017, 1445.3125
3018, 1446.2891
3019, 1447.2656
3020, 1448.2422
3021, 1449.2188
3022, 1450.1953
3023, 1451.1719
3024, 1452.1484
3025, 1453.1250
3026, 1454.1016
3027, 1455.0781
3028, 1456.0547
3029, 1457.0313
3030, 1458.0078
3031, 1458.9844
3032, 1459.9609
3033, 1460.9375
3034, 1461.9141
3035, 1462.8906
3036, 1463.8672
3037, 1464.8438
3038, 1465.8203
3039, 1466.7969
3040, 1467.7734
3041, 1468.7500
3042, 1469.7266
3043, 1470.7031
3044, 1471.6797
3045, 1472.6563
3046, 1473.6328
3047, 1474.6094
3048, 1475.5859
3049, 1476.5625
3050, 1477.5391
3051, 1478.5156
3052, 1479.4922
3053, 1480.4688
3054, 1481.4453
3055, 1482.4219
3056, 1483.3984
3057, 1484.3750
3058, 1485.3516
3059, 1486.3281
3060, 1487.3047
3061, 1488.2813
3062, 1489.2578
3063, 1490.2344
3064, 1491.2109
3065, 1492.1875
3066, 1493.1641
3067, 1494.1406
3068, 1495.1172
3069, 1496.0938
3070, 1497.0703
3071, 1498.0469
3072, 1499.0234
